{"version": 0.6, "generator": "Overpass API 0.7.62.1 084b4234", "osm3s": {"timestamp_osm_base": "2024-10-05T04:31:39Z", "copyright": "The data included in this document is from www.openstreetmap.org. The data is made available under ODbL."}, "elements": [{"type": "node", "id": 48553740, "lat": 43.6786172, "lon": -79.3457523, "tags": {"alt_name": "IGA", "brand": "Foodland", "brand:wikidata": "Q5465554", "brand:wikipedia": "en:Foodland (Canada)", "name": "Foodland", "phone": "+1-416-466-5371", "shop": "supermarket"}}, {"type": "node", "id": 60796350, "lat": 43.675014, "lon": -79.4069106, "tags": {"name": "Food Plus Market", "opening_hours": "24/7", "shop": "supermarket"}}, {"type": "node", "id": 67344847, "lat": 43.6683161, "lon": -79.4208941}, {"type": "node", "id": 67344856, "lat": 43.6684208, "lon": -79.4203954}, {"type": "node", "id": 67344864, "lat": 43.6690352, "lon": -79.4206444}, {"type": "node", "id": 67344869, "lat": 43.6689457, "lon": -79.4210749}, {"type": "node", "id": 67344875, "lat": 43.6687918, "lon": -79.4210133}, {"type": "node", "id": 67344883, "lat": 43.6687781, "lon": -79.4210786}, {"type": "node", "id": 209248121, "lat": 43.6839198, "lon": -79.4153544, "tags": {"colour": "yellow", "entrance": "yes", "name": "St. Clair Av West, North Entrance", "note": "Staffed entrance", "operator": "Toronto Transit Commission", "railway": "subway_entrance", "wheelchair": "yes"}}, {"type": "node", "id": 214312005, "lat": 43.6669087, "lon": -79.4010556, "tags": {"addr:city": "Toronto", "addr:housenumber": "351", "addr:street": "Bloor Street West", "name": "Galleria The Kitchen Express", "shop": "supermarket", "wheelchair": "yes"}}, {"type": "node", "id": 216178543, "lat": 43.684257, "lon": -79.416185}, {"type": "node", "id": 216178544, "lat": 43.684527, "lon": -79.414852}, {"type": "node", "id": 216178545, "lat": 43.684055, "lon": -79.414673}, {"type": "node", "id": 216178549, "lat": 43.683789, "lon": -79.416008}, {"type": "node", "id": 238726685, "lat": 43.6663155, "lon": -79.4051598}, {"type": "node", "id": 238726693, "lat": 43.6659658, "lon": -79.4050279}, {"type": "node", "id": 238726702, "lat": 43.6660681, "lon": -79.4046285}, {"type": "node", "id": 238726709, "lat": 43.666387, "lon": -79.4047548}, {"type": "node", "id": 238726715, "lat": 43.666326, "lon": -79.4050074}, {"type": "node", "id": 238726724, "lat": 43.6663455, "lon": -79.4050151}, {"type": "node", "id": 241246724, "lat": 43.688501, "lon": -79.3907567, "tags": {"addr:city": "Toronto", "addr:housenumber": "81", "addr:street": "St. Clair Avenue East", "brand": "Farm Boy", "brand:wikidata": "Q5435469", "check_date:opening_hours": "2024-07-20", "name": "Farm Boy", "not:brand:wikidata": "Q1143340", "opening_hours": "Mo-Su 08:00-22:00", "phone": "+1-416-963-8949", "shop": "supermarket", "store_name": "St. Clair"}}, {"type": "node", "id": 241270779, "lat": 43.6755767, "lon": -79.4028204, "tags": {"name": "The Food Depot", "opening_hours": "24/7", "shop": "supermarket"}}, {"type": "node", "id": 253870703, "lat": 43.680672, "lon": -79.433802}, {"type": "node", "id": 253870704, "lat": 43.680755, "lon": -79.433418}, {"type": "node", "id": 253870705, "lat": 43.681309, "lon": -79.433647}, {"type": "node", "id": 253870707, "lat": 43.681218, "lon": -79.434054}, {"type": "node", "id": 262304398, "lat": 43.668951, "lon": -79.3398481}, {"type": "node", "id": 262304399, "lat": 43.6690494, "lon": -79.339724}, {"type": "node", "id": 262304413, "lat": 43.6695909, "lon": -79.3399883}, {"type": "node", "id": 262304414, "lat": 43.6695628, "lon": -79.3399457}, {"type": "node", "id": 262304415, "lat": 43.6694027, "lon": -79.3401402}, {"type": "node", "id": 262304416, "lat": 43.6694322, "lon": -79.3401806}, {"type": "node", "id": 262304417, "lat": 43.6693917, "lon": -79.3402372}, {"type": "node", "id": 262304418, "lat": 43.6693674, "lon": -79.3401987}, {"type": "node", "id": 262304419, "lat": 43.6692598, "lon": -79.3403332}, {"type": "node", "id": 262304420, "lat": 43.6691644, "lon": -79.3401989}, {"type": "node", "id": 262304451, "lat": 43.6691903, "lon": -79.3401618}, {"type": "node", "id": 262304452, "lat": 43.6690478, "lon": -79.3399368}, {"type": "node", "id": 262304453, "lat": 43.6690315, "lon": -79.3399592}, {"type": "node", "id": 276835363, "lat": 43.690503, "lon": -79.3497431}, {"type": "node", "id": 277120878, "lat": 43.684684, "lon": -79.3566165}, {"type": "node", "id": 277120880, "lat": 43.6848131, "lon": -79.3557557}, {"type": "node", "id": 277120884, "lat": 43.6850576, "lon": -79.3558444}, {"type": "node", "id": 277120887, "lat": 43.6850423, "lon": -79.355925}, {"type": "node", "id": 277120891, "lat": 43.6851084, "lon": -79.3559489}, {"type": "node", "id": 277120895, "lat": 43.6850963, "lon": -79.3560127}, {"type": "node", "id": 277120897, "lat": 43.6851982, "lon": -79.3560496}, {"type": "node", "id": 277120902, "lat": 43.6851401, "lon": -79.3564663}, {"type": "node", "id": 277137391, "lat": 43.7051612, "lon": -79.3476433}, {"type": "node", "id": 277137394, "lat": 43.7053376, "lon": -79.347197}, {"type": "node", "id": 277137395, "lat": 43.7053573, "lon": -79.347209}, {"type": "node", "id": 277137399, "lat": 43.7054107, "lon": -79.3470818}, {"type": "node", "id": 277137471, "lat": 43.7046916, "lon": -79.3473068}, {"type": "node", "id": 281359861, "lat": 43.7115457, "lon": -79.3784203}, {"type": "node", "id": 281359862, "lat": 43.7109734, "lon": -79.3781847}, {"type": "node", "id": 281359863, "lat": 43.7108434, "lon": -79.3787753}, {"type": "node", "id": 281359864, "lat": 43.7109155, "lon": -79.3788057}, {"type": "node", "id": 281359865, "lat": 43.7108827, "lon": -79.3789546}, {"type": "node", "id": 281359866, "lat": 43.7111452, "lon": -79.3790651}, {"type": "node", "id": 281359867, "lat": 43.7111736, "lon": -79.3789358}, {"type": "node", "id": 281359868, "lat": 43.7112939, "lon": -79.3789865}, {"type": "node", "id": 281359869, "lat": 43.7113044, "lon": -79.3789391}, {"type": "node", "id": 281359870, "lat": 43.7114207, "lon": -79.3789881}, {"type": "node", "id": 281360606, "lat": 43.735691, "lon": -79.404564}, {"type": "node", "id": 281360607, "lat": 43.73545, "lon": -79.404508}, {"type": "node", "id": 281360608, "lat": 43.735461, "lon": -79.404417}, {"type": "node", "id": 281360609, "lat": 43.735066, "lon": -79.404326}, {"type": "node", "id": 281360610, "lat": 43.735138, "lon": -79.403714}, {"type": "node", "id": 281360612, "lat": 43.735768, "lon": -79.403923}, {"type": "node", "id": 281361239, "lat": 43.6680319, "lon": -79.3720609, "tags": {"brand": "Food Basics", "brand:wikidata": "Q5465300", "brand:wikipedia": "en:Food Basics", "name": "Food Basics", "shop": "supermarket"}}, {"type": "node", "id": 281361618, "lat": 43.6629585, "lon": -79.374966, "tags": {"addr:city": "Toronto", "addr:housenumber": "140", "addr:street": "Carlton Street", "name": "Little Bee Supermarket", "opening_hours": "PH,Mo-Su 09:00-23:00", "shop": "supermarket", "wheelchair": "no"}}, {"type": "node", "id": 286547439, "lat": 43.6777582, "lon": -79.3530371, "tags": {"addr:city": "Toronto", "addr:housenumber": "348", "addr:street": "Danforth Avenue", "name": "The Big Carrot", "opening_hours": "Mo-Fr 09:00-21:00; Sa 09:00-20:00; Su 10:00-18:00", "phone": "+1-416-466-2129", "shop": "supermarket", "supermarket": "organic", "wheelchair": "yes"}}, {"type": "node", "id": 302473945, "lat": 43.7473505, "lon": -79.3855761, "tags": {"addr:city": "North York", "addr:housenumber": "291", "addr:street": "York Mills Road", "brand": "Metro", "brand:wikidata": "Q1145669", "brand:wikipedia": "en:Metro Inc.", "name": "Metro", "shop": "supermarket"}}, {"type": "node", "id": 308696835, "lat": 43.6687519, "lon": -79.3879316, "tags": {"addr:city": "Toronto", "addr:housenumber": "55", "addr:province": "ON", "addr:street": "Bloor Street West", "brand": "Loblaws", "brand:wikidata": "Q3257626", "gst_number": "80598-9258 RT0001", "loc_name": "Loblaws", "manager": "Maisie Desousa", "name": "Loblaws", "note": "Signage says \"Bloor Street Market, Home of President's Choice\". Is really a Loblaws.", "phone": "+1-416-923-8831", "shop": "supermarket", "store_ref": "00479", "website": "http://www.bloorstreetmarket.ca/"}}, {"type": "node", "id": 310146977, "lat": 43.6655691, "lon": -79.4082588, "tags": {"addr:city": "Toronto", "addr:housenumber": "503", "addr:postcode": "M5S 1Y2", "addr:street": "Bloor Street West", "brand": "Bulk Barn", "brand:wikidata": "Q4996466", "brand:wikipedia": "en:Bulk Barn", "name": "Bulk Barn", "opening_hours": "Mo-Sa 08:00-21:00; Su 10:00-19:00", "phone": "+1-416-927-7964", "shop": "supermarket", "source": "#RyersonGEO441", "store_name": "Bloor & Bathurst", "website": "https://www.bulkbarn.ca/en-ca/locations/on/bulk-food-toronto-25.html", "wheelchair": "yes"}}, {"type": "node", "id": 314142660, "lat": 43.696575, "lon": -79.3710531}, {"type": "node", "id": 314142662, "lat": 43.6967101, "lon": -79.3704223}, {"type": "node", "id": 314142664, "lat": 43.696347, "lon": -79.3702763}, {"type": "node", "id": 314142666, "lat": 43.6963343, "lon": -79.3703406}, {"type": "node", "id": 314142668, "lat": 43.6962287, "lon": -79.3702997}, {"type": "node", "id": 314142673, "lat": 43.6961105, "lon": -79.3708662}, {"type": "node", "id": 314387155, "lat": 43.6994854, "lon": -79.3602258}, {"type": "node", "id": 314387156, "lat": 43.6996737, "lon": -79.3596417}, {"type": "node", "id": 314387157, "lat": 43.6997638, "lon": -79.3596972}, {"type": "node", "id": 314387158, "lat": 43.6997868, "lon": -79.3596255}, {"type": "node", "id": 314387159, "lat": 43.6988982, "lon": -79.3590714}, {"type": "node", "id": 314387160, "lat": 43.6986851, "lon": -79.3597323}, {"type": "node", "id": 315512805, "lat": 43.7112278, "lon": -79.3782565}, {"type": "node", "id": 315512807, "lat": 43.7110895, "lon": -79.3782336}, {"type": "node", "id": 315512809, "lat": 43.711249, "lon": -79.3781604}, {"type": "node", "id": 315512811, "lat": 43.7111178, "lon": -79.3781052}, {"type": "node", "id": 315512813, "lat": 43.7114437, "lon": -79.3783774}, {"type": "node", "id": 315512815, "lat": 43.7114498, "lon": -79.37835}, {"type": "node", "id": 331345360, "lat": 43.7173286, "lon": -79.4468245}, {"type": "node", "id": 331345364, "lat": 43.7175237, "lon": -79.4468996}, {"type": "node", "id": 331345379, "lat": 43.7173652, "lon": -79.4476167}, {"type": "node", "id": 331345383, "lat": 43.7173064, "lon": -79.4478906}, {"type": "node", "id": 331345387, "lat": 43.7172546, "lon": -79.4479264}, {"type": "node", "id": 331345409, "lat": 43.7172416, "lon": -79.4480197}, {"type": "node", "id": 353394656, "lat": 43.675461, "lon": -79.3583262}, {"type": "node", "id": 353394658, "lat": 43.6751506, "lon": -79.3589108}, {"type": "node", "id": 353394660, "lat": 43.6748611, "lon": -79.358642}, {"type": "node", "id": 353394662, "lat": 43.6751535, "lon": -79.3580447}, {"type": "node", "id": 372345333, "lat": 43.6615267, "lon": -79.3825865, "tags": {"addr:city": "Toronto", "addr:housenumber": "2", "addr:province": "ON", "addr:street": "Carlton Street", "brand": "Bulk Barn", "brand:wikidata": "Q4996466", "brand:wikipedia": "en:Bulk Barn", "name": "Bulk Barn", "old_name": "Tridel Store", "phone": "+1-416-597-0330", "shop": "supermarket", "wheelchair": "yes"}}, {"type": "node", "id": 387446824, "lat": 43.6640904, "lon": -79.4166176, "tags": {"addr:city": "Toronto", "addr:housenumber": "676", "addr:street": "Bloor Street West", "name": "Bloor Meat & Grocery", "phone": "+1-416-536-0052", "shop": "supermarket"}}, {"type": "node", "id": 387449941, "lat": 43.6642503, "lon": -79.415889, "tags": {"name": "Bloor Fruit Market", "opening_hours": "Mo-Su 09:00-20:00", "shop": "supermarket", "wheelchair": "no"}}, {"type": "node", "id": 387456107, "lat": 43.6650133, "lon": -79.4122672, "tags": {"addr:city": "Toronto", "addr:housenumber": "580", "addr:street": "Bloor Street West", "name": "Village Market", "open": "7 days a week", "shop": "supermarket", "wheelchair": "yes"}}, {"type": "node", "id": 387792400, "lat": 43.7339225, "lon": -79.3434239, "tags": {"brand": "Metro", "brand:wikidata": "Q1145669", "brand:wikipedia": "en:Metro Inc.", "fair_trade": "yes", "name": "Metro", "opening_hours": "24/7", "operator": "Metro Inc.", "organic": "yes", "shop": "supermarket"}}, {"type": "node", "id": 391180767, "lat": 43.6692366, "lon": -79.3861865, "tags": {"addr:city": "Toronto", "addr:housenumber": "703", "addr:postcode": "M4Y 2B2", "addr:street": "Yonge Street", "alt_name:ko": "H \ub9c8\ud2b8", "brand": "H Mart", "brand:wikidata": "Q5636306", "brand:wikipedia": "en:H Mart", "cuisine": "asian", "name": "H Mart", "name:en": "H Mart", "name:ko": "\ud55c\uc544\ub984", "name:zh-Hans": "\u97e9\u4e9a\u9f99", "name:zh-Hant": "\u97d3\u4e9e\u9f8d", "opening_hours": "Mo-Su 09:00-23:00", "payment:american_express": "no", "payment:cash": "yes", "payment:interac": "yes", "payment:mastercard": "yes", "payment:visa": "yes", "phone": "+1-647-340-3500", "shop": "supermarket"}}, {"type": "node", "id": 392512380, "lat": 43.7070475, "lon": -79.3994337, "tags": {"addr:city": "Toronto", "addr:housenumber": "2300", "addr:postcode": "M4P 1E4", "addr:street": "Yonge Street", "brand": "Metro", "brand:wikidata": "Q1145669", "brand:wikipedia": "en:Metro Inc.", "hst_number": "R105216170", "level": "0", "name": "Metro", "old_name": "Dominion", "opening_hours": "Mo-Su 8:00-22:00", "phone": "+1-416-483-7340", "shop": "supermarket", "store_ref": "752", "wheelchair": "yes"}}, {"type": "node", "id": 393536004, "lat": 43.7076137, "lon": -79.398336, "tags": {"addr:city": "Toronto", "addr:housenumber": "2293", "addr:postcode": "M4P 2C6", "addr:street": "Yonge Street", "name": "Galleria K-Food Express", "shop": "supermarket"}}, {"type": "node", "id": 410801728, "lat": 43.6654414, "lon": -79.3519528, "tags": {"check_date": "2023-05-11", "level": "-1", "name": "Galaxy", "shop": "supermarket"}}, {"type": "node", "id": 417232563, "lat": 43.7197433, "lon": -79.430591, "tags": {"addr:city": "North York", "addr:housenumber": "3090", "addr:postcode": "M6A 2A2", "addr:province": "Ontario", "addr:street": "Bathurst Street", "brand": "Metro", "brand:wikidata": "Q1145669", "brand:wikipedia": "en:Metro Inc.", "fax": "+1-416-783-4712", "name": "Metro", "opening_hours": "Mo-Fr 07:00-00:00; Sa, Su 07:00-23:00", "payment:cash": "yes", "payment:contactless": "yes", "payment:credit_cards": "yes", "payment:debit_cards": "yes", "phone": "+1-416-783-1227", "shop": "supermarket", "website": "https://www.metro.ca/", "wheelchair": "limited"}}, {"type": "node", "id": 431245952, "lat": 43.6720009, "lon": -79.3848558, "tags": {"addr:city": "Toronto", "addr:housenumber": "40", "addr:street": "Asquith Avenue", "brand": "Rabba", "brand:wikidata": "Q109659398", "gst_number": "R105222145", "name": "Rabba", "note": "main entrance is on Church", "opening_hours": "24/7", "payment:interac": "yes", "phone": "+1-416-967-5326", "shop": "supermarket"}}, {"type": "node", "id": 495307176, "lat": 43.7363998, "lon": -79.3452638, "tags": {"addr:city": "North York", "addr:housenumber": "38", "addr:street": "Karl Fraser Road", "name": "McEwan", "note": "high end supermarket with free valet parking", "phone": "+1-416-444-6262", "shop": "supermarket", "wheelchair": "yes"}}, {"type": "node", "id": 501985559, "lat": 43.6807442, "lon": -79.4514642, "tags": {"addr:housenumber": "173", "addr:street": "Harvie Avenue", "name": "Sao Miguel Grocery's LTD", "shop": "supermarket"}}, {"type": "node", "id": 534020591, "lat": 43.6675553, "lon": -79.3850416, "tags": {"addr:city": "Toronto", "addr:housenumber": "9", "addr:postcode": "M4Y 1M7", "addr:street": "Isabella Street", "brand": "Rabba", "brand:wikidata": "Q109659398", "name": "Rabba", "opening_hours": "24/7", "shop": "supermarket"}}, {"type": "node", "id": 534020592, "lat": 43.6681893, "lon": -79.3876367, "tags": {"brand": "Rabba", "brand:wikidata": "Q109659398", "name": "Rabba", "opening_hours": "24/7", "shop": "supermarket"}}, {"type": "node", "id": 537074530, "lat": 43.6887263, "lon": -79.3940485, "tags": {"addr:city": "Toronto", "addr:housenumber": "12", "addr:postcode": "M4T 1L7", "addr:province": "ON", "addr:street": "St. Clair Avenue East", "brand": "Loblaws", "brand:wikidata": "Q3257626", "brand:wikipedia": "en:Loblaws", "check_date": "2024-07-27", "gst_number": "12223-5922 RT0001", "name": "Loblaws", "opening_hours": "Mo-Su 07:00-23:00", "opening_hours:covid19": "07:00-20:00", "payment:american_express": "no", "payment:cash": "yes", "payment:interac": "yes", "payment:mastercard": "yes", "payment:visa": "yes", "phone": "+1-416-960-8108", "shop": "supermarket", "store_name": "Loblaws St. Clair", "store_ref": "1142"}}, {"type": "node", "id": 538159522, "lat": 43.6884125, "lon": -79.4124021, "tags": {"name": "Kitchen Table", "opening_hours": "Mo-Su 07:00-23:00", "shop": "supermarket"}}, {"type": "node", "id": 544651059, "lat": 43.7232291, "lon": -79.4156941, "tags": {"building:colour": "beige", "fair_trade": "likely", "name": "Pusateri's Fine Foods", "opening_hours": "Mo-Fr 07:00-20:00; Sa,Su 07:00-19:00", "organic": "yes", "payment:credit_cards": "yes", "payment:debit_cards": "yes", "shop": "supermarket", "short_name": "Pusateri's", "stars": "4.0", "stars:system": "10 star rating", "wheelchair": "limited", "windows": "yes"}}, {"type": "node", "id": 544671715, "lat": 43.736769, "lon": -79.419836}, {"type": "node", "id": 555334927, "lat": 43.725076, "lon": -79.3411617}, {"type": "node", "id": 555334930, "lat": 43.7250552, "lon": -79.3412958}, {"type": "node", "id": 555334933, "lat": 43.724962, "lon": -79.3412694}, {"type": "node", "id": 555334938, "lat": 43.7248976, "lon": -79.3416796}, {"type": "node", "id": 555335729, "lat": 43.7250871, "lon": -79.3417316}, {"type": "node", "id": 555345378, "lat": 43.709322, "lon": -79.453277}, {"type": "node", "id": 555346829, "lat": 43.7378757, "lon": -79.4337533}, {"type": "node", "id": 555346831, "lat": 43.73754, "lon": -79.4337142}, {"type": "node", "id": 555346834, "lat": 43.7377318, "lon": -79.4327697}, {"type": "node", "id": 555346835, "lat": 43.7379795, "lon": -79.432818}, {"type": "node", "id": 555346838, "lat": 43.7376656, "lon": -79.4325408}, {"type": "node", "id": 555346839, "lat": 43.7377533, "lon": -79.4325579}, {"type": "node", "id": 560196725, "lat": 43.7052158, "lon": -79.4425168, "tags": {"name": "Zito's Market", "shop": "supermarket"}}, {"type": "node", "id": 560196733, "lat": 43.7036555, "lon": -79.4408534, "tags": {"addr:city": "York", "addr:housenumber": "145", "addr:street": "Marlee Avenue", "branch": "Urban Fresh", "brand": "Sobeys", "brand:wikidata": "Q1143340", "brand:wikipedia": "en:Sobeys", "diet:halal": "no", "diet:kosher": "yes", "name": "Sobeys", "opening_hours": "Mo-Fr 08:00-22:00", "phone": "+1-416-781-0145", "shop": "supermarket", "store_name": "Rosebury Sq. Plaza"}}, {"type": "node", "id": 582753955, "lat": 43.6978473, "lon": -79.3955072, "tags": {"addr:city": "Toronto", "addr:housenumber": "22", "addr:postcode": "M4S 1C1", "addr:street": "Balliol Street", "branch": "Urban Fresh", "brand": "Sobeys", "brand:wikidata": "Q1143340", "brand:wikipedia": "en:Sobeys", "gst_number": "895588788 RT0004", "internet_access": "wlan", "internet_access:fee": "no", "level": "0", "name": "Sobeys", "opening_hours": "Mo-Su 07:00-23:00", "opening_hours:covid19": "Mo-Su 07:00-18:00", "payment:american_express": "yes", "payment:coins": "yes", "payment:interac": "yes", "payment:mastercard": "yes", "payment:notes": "yes", "payment:visa": "yes", "phone": "+1-416-485-1022", "self_checkout": "yes", "shop": "supermarket", "source": "approx", "store_name": "Yonge & Balliol Sobeys #933", "store_ref": "933", "wheelchair": "yes"}}, {"type": "node", "id": 598103300, "lat": 43.6675471, "lon": -79.4408504, "tags": {"brand": "FreshCo", "brand:wikidata": "Q5502915", "brand:wikipedia": "en:FreshCo", "name": "FreshCo", "shop": "supermarket", "wheelchair": "yes"}}, {"type": "node", "id": 682232893, "lat": 43.6708968, "lon": -79.3845092, "tags": {"addr:city": "Toronto", "addr:housenumber": "100", "addr:street": "Bloor Street East", "alt_name": "Longo's", "brand": "Longo's", "brand:wikidata": "Q6674182", "gst_number": "R103382529", "level": "1", "name": "Longo's", "opening_hours": "Mo-Fr 08:00-21:00; Sa,Su 08:00-20:00", "payment:cash": "yes", "payment:interac": "yes", "payment:mastercard": "yes", "payment:visa": "yes", "phone": "+1-416-922-4797", "shop": "supermarket", "wheelchair": "yes"}}, {"type": "node", "id": 763638337, "lat": 43.6720244, "lon": -79.3951584, "tags": {"addr:city": "Toronto", "addr:housenumber": "87", "addr:postcode": "M5R 3R9", "addr:province": "ON", "addr:street": "Avenue Road", "branch": "Yorkville", "brand": "Whole Foods Market", "brand:wikidata": "Q1809448", "check_date": "2024-10-03", "check_date:opening_hours": "2024-10-03", "gst_number": "864826995", "name": "Whole Foods Market", "opening_hours": "Mo-Su 08:00-21:00", "organic": "yes", "phone": "+1 416-944-0500", "ref": "toronto", "shop": "supermarket", "website": "https://www.wholefoodsmarket.com/stores/toronto"}}, {"type": "node", "id": 836023854, "lat": 43.7034234, "lon": -79.3745201, "tags": {"entrance": "main"}}, {"type": "node", "id": 836023858, "lat": 43.7034372, "lon": -79.3744521}, {"type": "node", "id": 836023860, "lat": 43.7037348, "lon": -79.3745677}, {"type": "node", "id": 836023861, "lat": 43.7033899, "lon": -79.37485}, {"type": "node", "id": 836023862, "lat": 43.7036565, "lon": -79.3749536}, {"type": "node", "id": 1134233888, "lat": 43.670371, "lon": -79.387079, "tags": {"name": "Tea Market", "shop": "supermarket"}}, {"type": "node", "id": 1211891739, "lat": 43.726657, "lon": -79.403387}, {"type": "node", "id": 1211891769, "lat": 43.726949, "lon": -79.402857}, {"type": "node", "id": 1211891806, "lat": 43.726826, "lon": -79.403453}, {"type": "node", "id": 1211891816, "lat": 43.726776, "lon": -79.402812}, {"type": "node", "id": 1231805860, "lat": 43.6840412, "lon": -79.4147421, "tags": {"amenity": "parking_entrance", "maxheight:signed": "no", "parking": "underground"}}, {"type": "node", "id": 1238000522, "lat": 43.694723, "lon": -79.452749}, {"type": "node", "id": 1238000538, "lat": 43.694567, "lon": -79.453184}, {"type": "node", "id": 1238000548, "lat": 43.694626, "lon": -79.452912}, {"type": "node", "id": 1238000552, "lat": 43.694884, "lon": -79.453315}, {"type": "node", "id": 1238000555, "lat": 43.694683, "lon": -79.452935}, {"type": "node", "id": 1290278058, "lat": 43.684446, "lon": -79.415949}, {"type": "node", "id": 1290278060, "lat": 43.684314, "lon": -79.415899}, {"type": "node", "id": 1290278062, "lat": 43.684464, "lon": -79.415856}, {"type": "node", "id": 1290278064, "lat": 43.684337, "lon": -79.415808}, {"type": "node", "id": 1290280600, "lat": 43.6839719, "lon": -79.4150943, "tags": {"amenity": "parking_entrance", "maxheight": "7'2\"", "parking": "underground"}}, {"type": "node", "id": 1291264958, "lat": 43.7083614, "lon": -79.3655124, "tags": {"name": "Red Mulberry Natural Health Store", "shop": "supermarket"}}, {"type": "node", "id": 1375337634, "lat": 43.666606, "lon": -79.376233, "tags": {"brand": "Rabba", "brand:wikidata": "Q109659398", "name": "Rabba", "shop": "supermarket", "wheelchair": "no"}}, {"type": "node", "id": 1387968035, "lat": 43.708209, "lon": -79.389795, "tags": {"name": "Yonge Fresh Market", "shop": "supermarket"}}, {"type": "node", "id": 1426931203, "lat": 43.722228, "lon": -79.338276}, {"type": "node", "id": 1426931205, "lat": 43.72226, "lon": -79.337689}, {"type": "node", "id": 1426931206, "lat": 43.722318, "lon": -79.337706}, {"type": "node", "id": 1426931207, "lat": 43.722338, "lon": -79.337198}, {"type": "node", "id": 1426931208, "lat": 43.722395, "lon": -79.337215}, {"type": "node", "id": 1426931209, "lat": 43.722479, "lon": -79.336687}, {"type": "node", "id": 1426931210, "lat": 43.722535, "lon": -79.336703}, {"type": "node", "id": 1426931211, "lat": 43.72256, "lon": -79.33654}, {"type": "node", "id": 1426931212, "lat": 43.72285, "lon": -79.338463}, {"type": "node", "id": 1426931213, "lat": 43.722894, "lon": -79.338189}, {"type": "node", "id": 1426931214, "lat": 43.722947, "lon": -79.337852}, {"type": "node", "id": 1426931216, "lat": 43.722971, "lon": -79.338212}, {"type": "node", "id": 1426931218, "lat": 43.72298, "lon": -79.338154}, {"type": "node", "id": 1426931219, "lat": 43.723014, "lon": -79.337425}, {"type": "node", "id": 1426931220, "lat": 43.723045, "lon": -79.338174}, {"type": "node", "id": 1426931221, "lat": 43.723058, "lon": -79.337439}, {"type": "node", "id": 1426931222, "lat": 43.723067, "lon": -79.337089}, {"type": "node", "id": 1426931223, "lat": 43.723067, "lon": -79.337381}, {"type": "node", "id": 1426931224, "lat": 43.72309, "lon": -79.337895}, {"type": "node", "id": 1426931225, "lat": 43.723099, "lon": -79.337391}, {"type": "node", "id": 1426931228, "lat": 43.723127, "lon": -79.33671}, {"type": "node", "id": 1426931229, "lat": 43.723143, "lon": -79.337112}, {"type": "node", "id": 1475563327, "lat": 43.735407, "lon": -79.403774}, {"type": "node", "id": 1564481835, "lat": 43.6851301, "lon": -79.3564085}, {"type": "node", "id": 1568415179, "lat": 43.7173908, "lon": -79.4464017}, {"type": "node", "id": 1568415181, "lat": 43.717417, "lon": -79.4464095}, {"type": "node", "id": 1689661489, "lat": 43.707884, "lon": -79.39197, "tags": {"addr:city": "Toronto", "addr:housenumber": "181", "addr:street": "Eglinton Avenue East", "email": "fresh@marcheleos.com", "name": "March\u00e9 Leo\u2019s Market", "opening_hours": "Mo-Th 08:00-20:00; Fr 08:00-19:00; Sa 09:00-19:00; Su 10:00-17:00", "payment:american_express": "yes", "payment:interac": "yes", "payment:mastercard": "yes", "payment:visa": "yes", "phone": "+1-416-952-1100", "shop": "supermarket", "website": "https://www.marcheleos.com/", "wheelchair": "yes"}}, {"type": "node", "id": 1735846564, "lat": 43.7093894, "lon": -79.3598069}, {"type": "node", "id": 1735846583, "lat": 43.7098111, "lon": -79.3599692}, {"type": "node", "id": 1735846585, "lat": 43.7098249, "lon": -79.3599008}, {"type": "node", "id": 1771039595, "lat": 43.703417, "lon": -79.3745515}, {"type": "node", "id": 1771039600, "lat": 43.7034481, "lon": -79.3745636}, {"type": "node", "id": 1948589745, "lat": 43.7064574, "lon": -79.3596014, "tags": {"addr:city": "East York", "addr:housenumber": "93", "addr:street": "Laird Drive", "brand": "Longo's", "brand:wikidata": "Q6674182", "brand:wikipedia": "en:Longo's", "name": "Longo's", "shop": "supermarket"}}, {"type": "node", "id": 1990545235, "lat": 43.715492, "lon": -79.393265}, {"type": "node", "id": 1990545236, "lat": 43.715637, "lon": -79.393093}, {"type": "node", "id": 1990545238, "lat": 43.715553, "lon": -79.393166}, {"type": "node", "id": 1990545239, "lat": 43.715526, "lon": -79.392988}, {"type": "node", "id": 1990545243, "lat": 43.715617, "lon": -79.39319}, {"type": "node", "id": 2070439290, "lat": 43.7047684, "lon": -79.347105}, {"type": "node", "id": 2070439293, "lat": 43.7047955, "lon": -79.3471244}, {"type": "node", "id": 2070439302, "lat": 43.7049127, "lon": -79.3467211}, {"type": "node", "id": 2070439305, "lat": 43.7049437, "lon": -79.3467447}, {"type": "node", "id": 2070439308, "lat": 43.7049537, "lon": -79.3475761}, {"type": "node", "id": 2070439314, "lat": 43.7049828, "lon": -79.3475138}, {"type": "node", "id": 2070439323, "lat": 43.705115, "lon": -79.3476995}, {"type": "node", "id": 2070439326, "lat": 43.7051391, "lon": -79.3476302}, {"type": "node", "id": 2084949463, "lat": 43.713857, "lon": -79.399687, "tags": {"addr:city": "Toronto", "addr:housenumber": "2563", "addr:street": "Yonge Street", "name": "Summer's Best Fruits & Flowers", "phone": "+1-416-488-2932", "shop": "supermarket"}}, {"type": "node", "id": 2111439154, "lat": 43.6904671, "lon": -79.3499633}, {"type": "node", "id": 2111439155, "lat": 43.6904648, "lon": -79.3497295}, {"type": "node", "id": 2111439159, "lat": 43.6905328, "lon": -79.3493637}, {"type": "node", "id": 2111439161, "lat": 43.690734, "lon": -79.350074}, {"type": "node", "id": 2111439163, "lat": 43.6908454, "lon": -79.3494748}, {"type": "node", "id": 2132778188, "lat": 43.7062466, "lon": -79.3605436, "tags": {"addr:city": "East York", "addr:housenumber": "91", "addr:street": "Laird Drive", "brand": "Bulk Barn", "brand:wikidata": "Q4996466", "brand:wikipedia": "en:Bulk Barn", "name": "Bulk Barn", "opening_hours": "Mo-Fr 09:30-20:00; Sa 09:30-19:00; Su 09:30-18:00", "shop": "supermarket", "wheelchair": "yes"}}, {"type": "node", "id": 2163229011, "lat": 43.6750191, "lon": -79.3581848}, {"type": "node", "id": 2163229015, "lat": 43.6753156, "lon": -79.3586248}, {"type": "node", "id": 2163229017, "lat": 43.6750717, "lon": -79.3580763}, {"type": "node", "id": 2163229024, "lat": 43.6752975, "lon": -79.3586081}, {"type": "node", "id": 2163229027, "lat": 43.6750632, "lon": -79.3582257}, {"type": "node", "id": 2163229031, "lat": 43.6751179, "lon": -79.3581192}, {"type": "node", "id": 2221238817, "lat": 43.705381, "lon": -79.3471458, "tags": {"entrance": "main"}}, {"type": "node", "id": 2222695931, "lat": 43.7052279, "lon": -79.3474756, "tags": {"entrance": "emergency"}}, {"type": "node", "id": 2235481946, "lat": 43.7173823, "lon": -79.4465726, "tags": {"amenity": "loading_dock"}}, {"type": "node", "id": 2274643128, "lat": 43.6962804, "lon": -79.3703197, "tags": {"amenity": "loading_dock"}}, {"type": "node", "id": 2291685239, "lat": 43.7250674, "lon": -79.3418653}, {"type": "node", "id": 2291685242, "lat": 43.7258012, "lon": -79.3420606}, {"type": "node", "id": 2291685245, "lat": 43.725721, "lon": -79.342059}, {"type": "node", "id": 2291685248, "lat": 43.7258253, "lon": -79.3420393}, {"type": "node", "id": 2291685251, "lat": 43.725776, "lon": -79.342073}, {"type": "node", "id": 2291685254, "lat": 43.7257183, "lon": -79.3420731}, {"type": "node", "id": 2291685257, "lat": 43.7257451, "lon": -79.3420783}, {"type": "node", "id": 2291685260, "lat": 43.7258439, "lon": -79.3420098}, {"type": "node", "id": 2291685269, "lat": 43.7258554, "lon": -79.341984}, {"type": "node", "id": 2291685274, "lat": 43.7258625, "lon": -79.3419434}, {"type": "node", "id": 2406542540, "lat": 43.6862795, "lon": -79.375435}, {"type": "node", "id": 2406542543, "lat": 43.686302, "lon": -79.375475}, {"type": "node", "id": 2406542544, "lat": 43.6863094, "lon": -79.3752828}, {"type": "node", "id": 2406542546, "lat": 43.6863383, "lon": -79.3752635}, {"type": "node", "id": 2406542549, "lat": 43.6863522, "lon": -79.375194}, {"type": "node", "id": 2406542551, "lat": 43.6863683, "lon": -79.3751837}, {"type": "node", "id": 2406542556, "lat": 43.6864196, "lon": -79.3752088}, {"type": "node", "id": 2406542559, "lat": 43.6864281, "lon": -79.3751763}, {"type": "node", "id": 2406542569, "lat": 43.6865853, "lon": -79.3755873}, {"type": "node", "id": 2406542570, "lat": 43.6866131, "lon": -79.3754557}, {"type": "node", "id": 2406542571, "lat": 43.686643, "lon": -79.3754661}, {"type": "node", "id": 2406542572, "lat": 43.6866815, "lon": -79.3752813}, {"type": "node", "id": 2410396937, "lat": 43.710897, "lon": -79.3990474, "tags": {"addr:housenumber": "2443", "addr:street": "Yonge Street", "check_date": "2023-08-11", "internet_access": "no", "level": "0", "name": "Green Valley Products", "opening_hours": "08:30-20:00", "payment:mastercard": "yes", "payment:visa": "yes", "phone": "+1 4164631862", "shop": "supermarket", "wheelchair": "yes"}}, {"type": "node", "id": 2704255396, "lat": 43.7178304, "lon": -79.4291486, "tags": {"addr:city": "Toronto", "diet:kosher": "yes", "name": "Savours Fresh Market", "shop": "supermarket"}}, {"type": "node", "id": 3052133088, "lat": 43.6639, "lon": -79.4164452}, {"type": "node", "id": 3144748975, "lat": 43.6818241, "lon": -79.4259043, "tags": {"addr:city": "Toronto", "addr:housenumber": "690", "addr:postcode": "M6C 1B1", "addr:street": "St. Clair Avenue West", "check_date": "2024-07-30", "internet_access": "no", "name": "Moberly Natural Foods", "payment:cash": "yes", "payment:interac": "yes", "payment:mastercard": "yes", "payment:visa": "yes", "shop": "supermarket"}}, {"type": "node", "id": 3213285543, "lat": 43.736427, "lon": -79.42002}, {"type": "node", "id": 3213285545, "lat": 43.736484, "lon": -79.419746}, {"type": "node", "id": 3213285548, "lat": 43.736602, "lon": -79.420055}, {"type": "node", "id": 3213285549, "lat": 43.736605, "lon": -79.42003}, {"type": "node", "id": 3213285550, "lat": 43.73666, "lon": -79.419812}, {"type": "node", "id": 3213285551, "lat": 43.736666, "lon": -79.419768}, {"type": "node", "id": 3213285552, "lat": 43.736705, "lon": -79.42005}, {"type": "node", "id": 3213285553, "lat": 43.736727, "lon": -79.420029}, {"type": "node", "id": 3213290600, "lat": 43.730506, "lon": -79.418662}, {"type": "node", "id": 3213290601, "lat": 43.730502, "lon": -79.418761}, {"type": "node", "id": 3213290602, "lat": 43.730529, "lon": -79.418555}, {"type": "node", "id": 3213290603, "lat": 43.730521, "lon": -79.418669}, {"type": "node", "id": 3213290604, "lat": 43.730545, "lon": -79.418562}, {"type": "node", "id": 3213290605, "lat": 43.730585, "lon": -79.418375}, {"type": "node", "id": 3213290606, "lat": 43.730641, "lon": -79.418398}, {"type": "node", "id": 3213290607, "lat": 43.730663, "lon": -79.418295}, {"type": "node", "id": 3213290608, "lat": 43.730777, "lon": -79.418878}, {"type": "node", "id": 3213290609, "lat": 43.730882, "lon": -79.418384}, {"type": "node", "id": 3240407638, "lat": 43.6659806, "lon": -79.4049565}, {"type": "node", "id": 3240407639, "lat": 43.6659986, "lon": -79.4049636}, {"type": "node", "id": 3240407640, "lat": 43.6660725, "lon": -79.4050729}, {"type": "node", "id": 3240407641, "lat": 43.666073, "lon": -79.4050704}, {"type": "node", "id": 3240407642, "lat": 43.6661862, "lon": -79.405118}, {"type": "node", "id": 3240407643, "lat": 43.666188, "lon": -79.4051093}, {"type": "node", "id": 3240407647, "lat": 43.6663272, "lon": -79.4051033, "tags": {"entrance": "main"}}, {"type": "node", "id": 3240407648, "lat": 43.6663622, "lon": -79.4048327}, {"type": "node", "id": 3240407649, "lat": 43.6663701, "lon": -79.4048359}, {"type": "node", "id": 3240407655, "lat": 43.6659744, "lon": -79.4049863, "tags": {"entrance": "yes", "note:covid19": "temporary closed"}}, {"type": "node", "id": 3252667912, "lat": 43.7376818, "lon": -79.4337419}, {"type": "node", "id": 3252667913, "lat": 43.7376844, "lon": -79.4337162}, {"type": "node", "id": 3288802961, "lat": 43.6716106, "lon": -79.3781127, "tags": {"addr:city": "Toronto", "addr:housenumber": "345", "addr:postcode": "M4W 3J6", "addr:street": "Bloor Street East", "alt_name": "Rob's No Frills", "brand": "No Frills", "brand:wikidata": "Q3342407", "brand:wikipedia": "en:No Frills (grocery store)", "name": "No Frills", "opening_hours": "Mo-Fr 08:00-21:30; Sa-Su 08:00-20:00", "shop": "supermarket"}}, {"type": "node", "id": 3465493029, "lat": 43.7094334, "lon": -79.3595885}, {"type": "node", "id": 3465493030, "lat": 43.7094746, "lon": -79.3596043}, {"type": "node", "id": 3465493031, "lat": 43.7095673, "lon": -79.3591432}, {"type": "node", "id": 3465493032, "lat": 43.70983, "lon": -79.3598801}, {"type": "node", "id": 3465493033, "lat": 43.7098374, "lon": -79.3598432}, {"type": "node", "id": 3465493034, "lat": 43.7098548, "lon": -79.3599124}, {"type": "node", "id": 3465493035, "lat": 43.709859, "lon": -79.3598912}, {"type": "node", "id": 3465493036, "lat": 43.7098628, "lon": -79.3597445}, {"type": "node", "id": 3465493037, "lat": 43.7098668, "lon": -79.3598545}, {"type": "node", "id": 3465493038, "lat": 43.7098711, "lon": -79.3597033}, {"type": "node", "id": 3465493039, "lat": 43.7098871, "lon": -79.3597538}, {"type": "node", "id": 3465493040, "lat": 43.7098978, "lon": -79.3597136}, {"type": "node", "id": 3465493041, "lat": 43.7099283, "lon": -79.3594333}, {"type": "node", "id": 3465493042, "lat": 43.7099373, "lon": -79.3593886}, {"type": "node", "id": 3465493043, "lat": 43.7099523, "lon": -79.3594426}, {"type": "node", "id": 3465493044, "lat": 43.7099663, "lon": -79.3593998}, {"type": "node", "id": 3465493045, "lat": 43.7099856, "lon": -79.3593043}, {"type": "node", "id": 3671159862, "lat": 43.6637045, "lon": -79.4160715}, {"type": "node", "id": 3671159863, "lat": 43.6636299, "lon": -79.416332}, {"type": "node", "id": 3671159864, "lat": 43.6636635, "lon": -79.4162585}, {"type": "node", "id": 3671159865, "lat": 43.6636475, "lon": -79.4162517}, {"type": "node", "id": 3671159866, "lat": 43.6639586, "lon": -79.416178}, {"type": "node", "id": 3741392546, "lat": 43.6866521, "lon": -79.3999134, "tags": {"addr:city": "Toronto", "addr:housenumber": "111", "addr:street": "St. Clair Avenue West", "brand": "Longo's", "brand:wikidata": "Q6674182", "name": "Longo's", "opening_hours": "Mo-Fr 07:00-22:00; Sa-Su 07:00-20:00", "operator": "Longo's", "phone": "+1-416-921-6108", "shop": "supermarket"}}, {"type": "node", "id": 4013809949, "lat": 43.6790198, "lon": -79.3453131, "tags": {"addr:city": "Toronto", "addr:housenumber": "638", "addr:postcode": "M4C 1K9", "addr:street": "Danforth Avenue", "name": "The Bulk Food Emporium", "opening_hours": "10:00-19:00", "operator": "Strictly Bulk", "shop": "supermarket"}}, {"type": "node", "id": 4015549339, "lat": 43.6680266, "lon": -79.3692816, "tags": {"addr:city": "Toronto", "addr:housenumber": "607", "addr:postcode": "M4X 1P9", "addr:street": "Parliament Street", "name": "Yaris Super Store", "operator": "607 Parliament St, Toronto, ON M4X 1P9", "phone": "+1-416-923-9806", "shop": "supermarket"}}, {"type": "node", "id": 4015549348, "lat": 43.6676089, "lon": -79.3691722, "tags": {"addr:city": "Toronto", "addr:housenumber": "591", "addr:postcode": "M4X 1P9", "addr:street": "Parliament Street", "name": "Ambal Trading", "phone": "+1-416-928-6665", "shop": "supermarket", "wheelchair": "yes"}}, {"type": "node", "id": 4023857905, "lat": 43.6620174, "lon": -79.3797482, "tags": {"addr:city": "Toronto", "addr:housenumber": "60", "addr:postcode": "M5B 1J2", "addr:street": "Carlton Street", "brand": "Loblaws", "brand:wikidata": "Q3257626", "brand:wikipedia": "en:Loblaws", "description": "Formerly Maple Leaf Gardens. Loblaws occupying retail space on the lower floors and an arena for Toronto's Ryerson University, known as Mattamy Athletic Centre at the Gardens, occupying the top levels.", "level": "0", "name": "Loblaws", "opening_hours": "Mo-Su 07:00-22:00", "shop": "supermarket", "toilets:wheelchair": "yes", "wheelchair": "yes"}}, {"type": "node", "id": 4100650892, "lat": 43.6643125, "lon": -79.367824, "tags": {"addr:city": "Toronto", "addr:housenumber": "489", "addr:postcode": "M5A 3A3", "addr:street": "Parliament Street", "name": "Lennie's Whole Foods", "opening_hours": "Mo-Fr 10:00-19:00; Sa 09:30-18:00; Su 12:00-17:00", "phone": "+1-416-920-3777", "shop": "supermarket", "wheelchair": "yes"}}, {"type": "node", "id": 4253506981, "lat": 43.6634713, "lon": -79.3673789, "tags": {"addr:city": "Toronto", "addr:housenumber": "449", "addr:street": "Parliament Street", "alt_name": "Cosimo's No Frills", "brand": "No Frills", "brand:wikidata": "Q3342407", "brand:wikipedia": "en:No Frills (grocery store)", "name": "No Frills", "opening_hours": "Mo-Fr 08:00-09:00, Sa,Su 08:00-08:00", "shop": "supermarket"}}, {"type": "node", "id": 4364806437, "lat": 43.6747408, "lon": -79.4569171}, {"type": "node", "id": 4364806439, "lat": 43.6746268, "lon": -79.4561001}, {"type": "node", "id": 4364806440, "lat": 43.6746758, "lon": -79.4561211}, {"type": "node", "id": 4364806441, "lat": 43.6746518, "lon": -79.4562301}, {"type": "node", "id": 4364806442, "lat": 43.6746878, "lon": -79.4562451}, {"type": "node", "id": 4364806443, "lat": 43.6746188, "lon": -79.4565521}, {"type": "node", "id": 4364806444, "lat": 43.6746888, "lon": -79.4565821}, {"type": "node", "id": 4364806445, "lat": 43.6746718, "lon": -79.4566571}, {"type": "node", "id": 4364806446, "lat": 43.6747878, "lon": -79.4567061}, {"type": "node", "id": 4378209726, "lat": 43.6766139, "lon": -79.3557694, "tags": {"brand": "Bulk Barn", "brand:wikidata": "Q4996466", "brand:wikipedia": "en:Bulk Barn", "check_date": "2023-08-20", "level": "0", "name": "Bulk Barn", "opening_hours": "Mo-Fr 09:30-20:30; Sa 09:30-20:00; Su 10:00-18:00", "shop": "supermarket", "wheelchair": "yes"}}, {"type": "node", "id": 4406300982, "lat": 43.6718001, "lon": -79.4212671}, {"type": "node", "id": 4406300983, "lat": 43.6718127, "lon": -79.4213556}, {"type": "node", "id": 4406300984, "lat": 43.6718292, "lon": -79.4212805}, {"type": "node", "id": 4406300985, "lat": 43.671836, "lon": -79.4211021}, {"type": "node", "id": 4406300986, "lat": 43.6718481, "lon": -79.4214414}, {"type": "node", "id": 4406300987, "lat": 43.6718612, "lon": -79.4211101}, {"type": "node", "id": 4406300988, "lat": 43.671869, "lon": -79.4209519}, {"type": "node", "id": 4406301089, "lat": 43.6718942, "lon": -79.4209626}, {"type": "node", "id": 4406301090, "lat": 43.6719039, "lon": -79.4207896}, {"type": "node", "id": 4406301091, "lat": 43.6719253, "lon": -79.420799}, {"type": "node", "id": 4406301092, "lat": 43.6719374, "lon": -79.4206354}, {"type": "node", "id": 4406301093, "lat": 43.6719568, "lon": -79.4206434}, {"type": "node", "id": 4406301094, "lat": 43.6719675, "lon": -79.4204758}, {"type": "node", "id": 4406301095, "lat": 43.6719869, "lon": -79.4204852}, {"type": "node", "id": 4406301096, "lat": 43.6720024, "lon": -79.4204141}, {"type": "node", "id": 4406301097, "lat": 43.6720722, "lon": -79.4203645}, {"type": "node", "id": 4406301098, "lat": 43.6722749, "lon": -79.4216077}, {"type": "node", "id": 4406301099, "lat": 43.6723235, "lon": -79.4204624}, {"type": "node", "id": 4406301100, "lat": 43.6723448, "lon": -79.4205187}, {"type": "node", "id": 4406301101, "lat": 43.6724884, "lon": -79.4205724}, {"type": "node", "id": 4461076612, "lat": 43.7073339, "lon": -79.3947061, "tags": {"addr:city": "Toronto", "addr:housenumber": "101", "addr:street": "Eglinton Avenue East", "addr:unit": "1", "branch": "Eglinton Avenue", "brand": "Loblaws", "brand:wikidata": "Q3257626", "brand:wikipedia": "en:Loblaws", "name": "Loblaws", "opening_hours": "Sa-Th 07:00-22:00; Fr 08:00-22:00", "phone": "+1-416-489-7653", "shop": "supermarket", "toilets:wheelchair": "yes", "website": "https://www.loblaws.ca/store-locator/details/1020", "wheelchair": "yes"}}, {"type": "node", "id": 4625767561, "lat": 43.709681, "lon": -79.453357}, {"type": "node", "id": 4625767562, "lat": 43.709456, "lon": -79.452628}, {"type": "node", "id": 4625767563, "lat": 43.709793, "lon": -79.452702}, {"type": "node", "id": 4858715364, "lat": 43.7140497, "lon": -79.3779615, "tags": {"addr:city": "Toronto", "addr:housenumber": "1860", "addr:postcode": "M4G 3E4", "addr:province": "ON", "addr:street": "Bayview Avenue", "branch": "Leaside", "brand": "Whole Foods", "brand:wikidata": "Q1809448", "check_date": "2024-10-03", "check_date:opening_hours": "2024-10-03", "name": "Whole Foods Market", "opening_hours": "Mo-Su 08:00-21:00", "phone": "+1 416-484-0090", "ref": "leaside", "shop": "supermarket", "website": "https://www.wholefoodsmarket.com/stores/leaside", "wheelchair": "yes"}}, {"type": "node", "id": 5154126004, "lat": 43.7287448, "lon": -79.4179249, "tags": {"name": "Ambrosia Natural Foods", "shop": "supermarket"}}, {"type": "node", "id": 5163547295, "lat": 43.6744728, "lon": -79.4568031}, {"type": "node", "id": 5445582027, "lat": 43.6687891, "lon": -79.3369521, "tags": {"addr:city": "Toronto", "addr:housenumber": "1033", "addr:street": "Gerrard Street East", "name": "Philippine Oriental Food Market", "phone": "+1-416-466-6938", "shop": "supermarket", "wheelchair": "yes", "wheelchair:description": "StopGap ramp"}}, {"type": "node", "id": 5467645623, "lat": 43.7105134, "lon": -79.3986923, "tags": {"addr:city": "Toronto", "addr:housenumber": "2409", "addr:postcode": "M4P 2E7", "addr:street": "Yonge Street", "name": "Village Juicery", "organic": "only", "phone": "+1-647-348-2409", "shop": "supermarket", "website": "https://www.villagejuicery.com/", "wheelchair": "yes", "wheelchair:description": "StopGap ramp"}}, {"type": "node", "id": 5473806721, "lat": 43.6614997, "lon": -79.4492733, "tags": {"addr:city": "Toronto", "addr:housenumber": "147", "addr:postcode": "M6P 3W5", "addr:street": "Symington Avenue", "name": "Wallace Market", "phone": "+1-416-532-6858", "shop": "supermarket", "wheelchair": "yes", "wheelchair:description": "StopGap ramp"}}, {"type": "node", "id": 5825318248, "lat": 43.7252902, "lon": -79.402611, "tags": {"name": "Independent CityMarket", "shop": "supermarket"}}, {"type": "node", "id": 5954609385, "lat": 43.6645896, "lon": -79.3845907, "tags": {"name": "Galleria Supermarket Express", "shop": "supermarket"}}, {"type": "node", "id": 6192758717, "lat": 43.709775, "lon": -79.452863}, {"type": "node", "id": 6192758718, "lat": 43.709773, "lon": -79.452862}, {"type": "node", "id": 6192758719, "lat": 43.709769, "lon": -79.452896}, {"type": "node", "id": 6192758720, "lat": 43.709736, "lon": -79.452888}, {"type": "node", "id": 6192758723, "lat": 43.7096845, "lon": -79.453331}, {"type": "node", "id": 6192758724, "lat": 43.70963, "lon": -79.453345}, {"type": "node", "id": 6192758725, "lat": 43.709621, "lon": -79.453419}, {"type": "node", "id": 6192758726, "lat": 43.709375, "lon": -79.453365}, {"type": "node", "id": 6192758727, "lat": 43.709383, "lon": -79.453299}, {"type": "node", "id": 6192758728, "lat": 43.709376, "lon": -79.453297}, {"type": "node", "id": 6192758729, "lat": 43.709377, "lon": -79.453289}, {"type": "node", "id": 6192758730, "lat": 43.709325, "lon": -79.453251}, {"type": "node", "id": 6192758731, "lat": 43.709321, "lon": -79.45325}, {"type": "node", "id": 6192758733, "lat": 43.7094, "lon": -79.452567}, {"type": "node", "id": 6192758734, "lat": 43.709462, "lon": -79.45258}, {"type": "node", "id": 6195459575, "lat": 43.730794, "lon": -79.418788}, {"type": "node", "id": 6195459576, "lat": 43.730796, "lon": -79.418789}, {"type": "node", "id": 6195459579, "lat": 43.730708, "lon": -79.418313}, {"type": "node", "id": 6195459580, "lat": 43.730714, "lon": -79.418286}, {"type": "node", "id": 6195459581, "lat": 43.730842, "lon": -79.418338}, {"type": "node", "id": 6195459582, "lat": 43.730836, "lon": -79.418365}, {"type": "node", "id": 6195498526, "lat": 43.73643, "lon": -79.419992}, {"type": "node", "id": 6195498527, "lat": 43.736562, "lon": -79.419779}, {"type": "node", "id": 6195498528, "lat": 43.736572, "lon": -79.419735}, {"type": "node", "id": 6195498529, "lat": 43.736644, "lon": -79.419765}, {"type": "node", "id": 6196807037, "lat": 43.694984, "lon": -79.452856}, {"type": "node", "id": 6204466696, "lat": 43.6814, "lon": -79.433969}, {"type": "node", "id": 6204466697, "lat": 43.681273, "lon": -79.433917}, {"type": "node", "id": 6204466698, "lat": 43.681265, "lon": -79.433955}, {"type": "node", "id": 6204466699, "lat": 43.681285, "lon": -79.433963}, {"type": "node", "id": 6204466700, "lat": 43.681277, "lon": -79.434}, {"type": "node", "id": 6204466701, "lat": 43.681257, "lon": -79.433992}, {"type": "node", "id": 6204466702, "lat": 43.681256, "lon": -79.433996}, {"type": "node", "id": 6204466703, "lat": 43.681235, "lon": -79.433988}, {"type": "node", "id": 6204466704, "lat": 43.681234, "lon": -79.433991}, {"type": "node", "id": 6204466705, "lat": 43.681323, "lon": -79.434027}, {"type": "node", "id": 6204466706, "lat": 43.681309, "lon": -79.434091}, {"type": "node", "id": 6204466707, "lat": 43.681217, "lon": -79.434059}, {"type": "node", "id": 6204466708, "lat": 43.680733, "lon": -79.433861}, {"type": "node", "id": 6204466709, "lat": 43.68074, "lon": -79.433831}, {"type": "node", "id": 6204466712, "lat": 43.6813, "lon": -79.433687}, {"type": "node", "id": 6204466713, "lat": 43.681321, "lon": -79.433697}, {"type": "node", "id": 6204466714, "lat": 43.681318, "lon": -79.433709}, {"type": "node", "id": 6204466715, "lat": 43.68134, "lon": -79.43373}, {"type": "node", "id": 6204466716, "lat": 43.681324, "lon": -79.433761}, {"type": "node", "id": 6204466717, "lat": 43.68131, "lon": -79.433748}, {"type": "node", "id": 6204466718, "lat": 43.681302, "lon": -79.433784}, {"type": "node", "id": 6204466719, "lat": 43.68136, "lon": -79.433807}, {"type": "node", "id": 6204466720, "lat": 43.681422, "lon": -79.433869}, {"type": "node", "id": 6206125903, "lat": 43.7155375, "lon": -79.3932415}, {"type": "node", "id": 6206125904, "lat": 43.715517, "lon": -79.393345}, {"type": "node", "id": 6206125905, "lat": 43.715479, "lon": -79.39333}, {"type": "node", "id": 6206125906, "lat": 43.715473, "lon": -79.393258}, {"type": "node", "id": 6206125908, "lat": 43.7154805, "lon": -79.39322}, {"type": "node", "id": 6206125910, "lat": 43.715524, "lon": -79.392987}, {"type": "node", "id": 6206125911, "lat": 43.715526, "lon": -79.392977}, {"type": "node", "id": 6206125912, "lat": 43.71553, "lon": -79.392978}, {"type": "node", "id": 6206125913, "lat": 43.715533, "lon": -79.392964}, {"type": "node", "id": 6206125914, "lat": 43.715628, "lon": -79.393001}, {"type": "node", "id": 6206125915, "lat": 43.715612, "lon": -79.393084}, {"type": "node", "id": 6208344335, "lat": 43.7259278, "lon": -79.3414122}, {"type": "node", "id": 6208914647, "lat": 43.6746098, "lon": -79.4568611}, {"type": "node", "id": 6208914774, "lat": 43.6745038, "lon": -79.4568171}, {"type": "node", "id": 6208914775, "lat": 43.6746098, "lon": -79.4568621}, {"type": "node", "id": 6347654890, "lat": 43.6667909, "lon": -79.4468996, "tags": {"brand": "Food Basics", "brand:wikidata": "Q5465300", "brand:wikipedia": "en:Food Basics", "name": "Food Basics", "shop": "supermarket"}}, {"type": "node", "id": 6371122436, "lat": 43.6692698, "lon": -79.375322, "tags": {"brand": "FreshCo", "brand:wikidata": "Q5502915", "brand:wikipedia": "en:FreshCo", "name": "FreshCo", "shop": "supermarket", "wheelchair": "yes"}}, {"type": "node", "id": 6538275103, "lat": 43.7167386, "lon": -79.4475715}, {"type": "node", "id": 6538275104, "lat": 43.7168675, "lon": -79.4476198}, {"type": "node", "id": 6538275105, "lat": 43.7170739, "lon": -79.4466196}, {"type": "node", "id": 6538275106, "lat": 43.7167541, "lon": -79.4478075}, {"type": "node", "id": 6538275107, "lat": 43.7166853, "lon": -79.4478889}, {"type": "node", "id": 6538275108, "lat": 43.7171506, "lon": -79.4466475}, {"type": "node", "id": 6538275109, "lat": 43.7172194, "lon": -79.4463283}, {"type": "node", "id": 6538275117, "lat": 43.7166029, "lon": -79.4477123}, {"type": "node", "id": 6538285806, "lat": 43.7174214, "lon": -79.4473624, "tags": {"entrance": "main"}}, {"type": "node", "id": 6538285809, "lat": 43.717412, "lon": -79.447405}, {"type": "node", "id": 6538285810, "lat": 43.7174315, "lon": -79.4473167}, {"type": "node", "id": 6538318458, "lat": 43.716871, "lon": -79.4472351, "tags": {"addr:housenumber": "700", "addr:street": "Lawrence Avenue West", "level": "1", "name": "Bulk Villa", "shop": "supermarket"}}, {"type": "node", "id": 6548307606, "lat": 43.7191271, "lon": -79.457862, "tags": {"name": "Marche Istanbul", "shop": "supermarket"}}, {"type": "node", "id": 6578937681, "lat": 43.7049509, "lon": -79.3466203}, {"type": "node", "id": 6578937682, "lat": 43.705451, "lon": -79.3469819}, {"type": "node", "id": 6579118150, "lat": 43.6693403, "lon": -79.339394}, {"type": "node", "id": 6579118151, "lat": 43.6696493, "lon": -79.3399143}, {"type": "node", "id": 6685669994, "lat": 43.665799, "lon": -79.350503, "tags": {"addr:housenumber": "639-643", "addr:street": "Gerrard Street East", "name": "Fu Yao Supermarket", "shop": "supermarket"}}, {"type": "node", "id": 6874103129, "lat": 43.6709811, "lon": -79.3873332, "tags": {"name": "Orchards Marketplace", "opening_hours": "Mo-Fr 8:00-20:00; Sa 9:00-18:00; Su 10:00-17:00", "shop": "supermarket"}}, {"type": "node", "id": 7455201004, "lat": 43.6707368, "lon": -79.4140198}, {"type": "node", "id": 7455201005, "lat": 43.6707474, "lon": -79.4139709}, {"type": "node", "id": 7455201024, "lat": 43.6709126, "lon": -79.4136053}, {"type": "node", "id": 7455201025, "lat": 43.6709558, "lon": -79.4136238}, {"type": "node", "id": 7455201026, "lat": 43.670933, "lon": -79.4137295}, {"type": "node", "id": 7455201027, "lat": 43.6708592, "lon": -79.4140701}, {"type": "node", "id": 7455224753, "lat": 43.6708337, "lon": -79.4135725}, {"type": "node", "id": 7553017339, "lat": 43.7284568, "lon": -79.4321435, "tags": {"name": "Kosher City Plus", "shop": "supermarket"}}, {"type": "node", "id": 7553017345, "lat": 43.7289977, "lon": -79.4323771, "tags": {"name": "Savours Fresh Market - Hartmans Signature", "shop": "supermarket"}}, {"type": "node", "id": 7557332742, "lat": 43.7008184, "lon": -79.4271017, "tags": {"name": "Nortown Foods", "shop": "supermarket"}}, {"type": "node", "id": 7600355385, "lat": 43.6661513, "lon": -79.4046615}, {"type": "node", "id": 7881381264, "lat": 43.6662777, "lon": -79.4383042, "tags": {"name": "Olympia Supermarket", "shop": "supermarket"}}, {"type": "node", "id": 8040515388, "lat": 43.7042642, "lon": -79.3972232, "tags": {"brand": "Farm Boy", "brand:wikidata": "Q5435469", "brand:wikipedia": "en:Farm Boy", "name": "Farm Boy", "shop": "supermarket"}}, {"type": "node", "id": 8426836967, "lat": 43.7377388, "lon": -79.432701, "tags": {"amenity": "loading_dock"}}, {"type": "node", "id": 8436524310, "lat": 43.6992317, "lon": -79.3592834}, {"type": "node", "id": 8436524311, "lat": 43.6991593, "lon": -79.3592325}, {"type": "node", "id": 8436524312, "lat": 43.699191, "lon": -79.3591343}, {"type": "node", "id": 8436524313, "lat": 43.699265, "lon": -79.3591799}, {"type": "node", "id": 8436524314, "lat": 43.6992424, "lon": -79.3592502, "tags": {"amenity": "loading_dock"}}, {"type": "node", "id": 8436524322, "lat": 43.6988839, "lon": -79.3598549, "tags": {"entrance": "yes"}}, {"type": "node", "id": 8568139850, "lat": 43.7038297, "lon": -79.4128033, "tags": {"check_date": "2024-09-21", "name": "Summerhill Market", "shop": "supermarket"}}, {"type": "node", "id": 8584457701, "lat": 43.6754057, "lon": -79.3584417}, {"type": "node", "id": 8584457710, "lat": 43.6750787, "lon": -79.3588441, "tags": {"amenity": "loading_dock"}}, {"type": "node", "id": 9029747500, "lat": 43.6904727, "lon": -79.3499291, "tags": {"amenity": "parking", "layer": "-1", "parking": "underground"}}, {"type": "node", "id": 9029747503, "lat": 43.6904904, "lon": -79.3498201, "tags": {"amenity": "loading_dock"}}, {"type": "node", "id": 9029747510, "lat": 43.6907631, "lon": -79.3499175}, {"type": "node", "id": 9083327533, "lat": 43.6846677, "lon": -79.3565219}, {"type": "node", "id": 9083327538, "lat": 43.684699, "lon": -79.3563568, "tags": {"entrance": "yes"}}, {"type": "node", "id": 9083327547, "lat": 43.6850479, "lon": -79.3558952, "tags": {"amenity": "loading_dock"}}, {"type": "node", "id": 9159058105, "lat": 43.7267707, "lon": -79.3428599, "tags": {"name": "oomomo", "operator": "convenience store", "shop": "supermarket"}}, {"type": "node", "id": 9353851055, "lat": 43.680237, "lon": -79.3390075, "tags": {"addr:city": "Toronto", "addr:housenumber": "906", "addr:postcode": "M4J 1L9", "addr:province": "Ontario", "addr:street": "Danforth Avenue", "name": "Masellis Supermarket", "opening_hours": "Mo-We, Sa 08:30-18:00; Th-Fr 08:30-19:00", "payment:cash": "yes", "payment:coins": "yes", "payment:credit_cards": "yes", "payment:debit_cards": "yes", "payment:mastercard": "yes", "payment:visa": "yes", "phone": "+1-416-465-7901", "shop": "supermarket", "website": "https://masellissupermarket.com"}}, {"type": "node", "id": 9353873624, "lat": 43.6933051, "lon": -79.3427256, "tags": {"addr:city": "Toronto", "addr:housenumber": "350", "addr:postcode": "M4J 3S1", "addr:province": "Ontario", "addr:street": "Donlands Avenue", "name": "Fresh From The Farm", "organic": "yes", "payment:cash": "yes", "payment:coins": "yes", "payment:credit_cards": "yes", "payment:debit_cards": "yes", "payment:mastercard": "yes", "payment:visa": "yes", "phone": "+1-416-422-3276", "shop": "supermarket", "website": "https://freshfromthefarm.ca"}}, {"type": "node", "id": 9512647975, "lat": 43.6714265, "lon": -79.4235408, "tags": {"addr:city": "Toronto", "addr:housenumber": "744", "addr:postcode": "M6G 1Z6", "addr:province": "ON", "addr:street": "Dupont Street", "brand": "Farm Boy", "brand:wikidata": "Q5435469", "brand:wikipedia": "en:Farm Boy", "name": "Farm Boy", "opening_hours": "Mo-Fr 08:00-21:00; Sa-Su 08:00-20:00", "operator": "Farm Boy", "phone": "+1 416-533-9856", "shop": "supermarket", "website": "https://www.farmboy.ca/stores/dupont/"}}, {"type": "node", "id": 10844951989, "lat": 43.7244137, "lon": -79.4573091, "tags": {"name": "Hamov Fine Food", "shop": "supermarket"}}, {"type": "node", "id": 11345580895, "lat": 43.7258462, "lon": -79.3419378}, {"type": "node", "id": 11582657744, "lat": 43.6941927, "lon": -79.4578761, "tags": {"name": "Terra Brazil Market", "shop": "supermarket"}}, {"type": "node", "id": 11582798793, "lat": 43.7071424, "lon": -79.395634, "tags": {"brand": "Bulk Barn", "brand:wikidata": "Q4996466", "name": "Bulk Barn", "shop": "supermarket"}}, {"type": "node", "id": 11740112875, "lat": 43.6690296, "lon": -79.4206709, "tags": {"access": "private", "amenity": "charging_station", "capacity": "1", "operator": "Fiesta Farms"}}, {"type": "node", "id": 11907619202, "lat": 43.6659758, "lon": -79.4049796}, {"type": "node", "id": 12137953159, "lat": 43.6724037, "lon": -79.4205407, "tags": {"amenity": "loading_dock"}}, {"type": "way", "id": 9105697, "nodes": [67344847, 67344856, 67344864, 11740112875, 67344869, 67344875, 67344883, 67344847], "tags": {"addr:city": "Toronto", "addr:housenumber": "200", "addr:province": "Ontario", "addr:street": "Christie Street", "building": "retail", "building:levels": "1", "building:material": "brick", "name": "Fiesta Farms", "opening_hours": "M-Sa 08:00-20:00; Su 09:00-19:00; Jan 01 off", "roof:colour": "grey", "roof:shape": "flat", "shop": "supermarket", "website": "https://fiestafarms.ca/"}}, {"type": "way", "id": 20344182, "nodes": [216178544, 216178545, 1231805860, 1290280600, 209248121, 216178549, 216178543, 1290278060, 1290278058, 1290278062, 1290278064, 216178544], "tags": {"addr:city": "Toronto", "addr:housenumber": "396", "addr:street": "St. Clair Avenue West", "atm": "yes", "brand": "Loblaws", "brand:wikidata": "Q3257626", "brand:wikipedia": "en:Loblaws", "building": "retail", "building:levels": "2", "gst_number": "12223-5922 RT0001", "layer": "1", "name": "Loblaws", "phone": "+1-416-651-5166", "shop": "supermarket", "store_name": "Forest Hill"}}, {"type": "way", "id": 22199522, "nodes": [238726685, 3240407643, 3240407642, 3240407640, 3240407641, 238726693, 3240407655, 11907619202, 3240407638, 3240407639, 238726702, 7600355385, 238726709, 3240407649, 3240407648, 238726715, 238726724, 3240407647, 238726685], "tags": {"addr:city": "Toronto", "addr:housenumber": "425", "addr:street": "Bloor Street West", "brand": "Metro", "brand:wikidata": "Q1145669", "brand:wikipedia": "en:Metro Inc.", "building": "retail", "building:colour": "beige", "building:levels": "1", "building:material": "stucco", "check_date": "2023-08-15", "gst_number": "R105216170", "name": "Metro", "opendata:type": "112001", "opening_hours": "24/7", "opening_hours:covid19": "Mo-Fr 08:00-21:00; Sa-Su 08:00-20:00; 07:00-08:00 \"senior hour\"", "phone": "+1-416-923-9099", "shop": "supermarket", "store_ref": "742", "wheelchair": "yes"}}, {"type": "way", "id": 23442035, "nodes": [6204466720, 6204466719, 6204466718, 6204466717, 6204466716, 6204466715, 6204466714, 6204466713, 6204466712, 253870705, 253870704, 253870703, 6204466709, 6204466708, 6204466707, 253870707, 6204466706, 6204466705, 6204466704, 6204466703, 6204466702, 6204466701, 6204466700, 6204466699, 6204466698, 6204466697, 6204466696, 6204466720], "tags": {"addr:city": "York", "addr:housenumber": "243", "addr:street": "Alberta Avenue", "alt_name": "Freddie's No Frills", "brand": "No Frills", "brand:wikidata": "Q3342407", "brand:wikipedia": "en:No Frills (grocery store)", "building": "retail", "name": "No Frills", "payment:american_express": "no", "payment:cash": "yes", "payment:interac": "yes", "payment:mastercard": "yes", "payment:visa": "no", "shop": "supermarket"}}, {"type": "way", "id": 25428058, "nodes": [277120902, 277120878, 9083327533, 9083327538, 277120880, 277120884, 9083327547, 277120887, 277120891, 277120895, 277120897, 1564481835, 277120902], "tags": {"addr:city": "Toronto", "addr:housenumber": "1015", "addr:street": "Broadview Avenue", "brand": "Sobeys", "brand:wikidata": "Q1143340", "brand:wikipedia": "en:Sobeys", "building": "retail", "building:colour": "red", "building:levels": "1", "building:material": "brick", "gst_number": "R104902135", "name": "Sobeys", "opening_hours": "24/7", "phone": "+1-416-421-5906", "ref": "511", "shop": "supermarket", "wheelchair": "yes"}}, {"type": "way", "id": 25795164, "nodes": [281359861, 315512813, 315512815, 315512805, 315512809, 315512811, 315512807, 281359862, 281359863, 281359864, 281359865, 281359866, 281359867, 281359868, 281359869, 281359870, 281359861], "tags": {"addr:city": "Toronto", "addr:housenumber": "656", "addr:postcode": "M4P 1P1", "addr:street": "Eglinton Avenue East", "brand": "Metro", "brand:wikidata": "Q1145669", "brand:wikipedia": "en:Metro Inc.", "building": "retail", "building:levels": "1", "check_date": "2024-05-04", "name": "Metro", "note": "closed holidays", "opening_hours": "24/7", "phone": "+1-416-482-7422", "shop": "supermarket", "wheelchair": "yes"}}, {"type": "way", "id": 25795196, "nodes": [281360612, 1475563327, 281360610, 281360609, 281360608, 281360607, 281360606, 281360612], "tags": {"addr:city": "North York", "addr:housenumber": "3501", "addr:postcode": "M4N 2N5", "addr:street": "Yonge Street", "brand": "Loblaws", "brand:wikidata": "Q3257626", "brand:wikipedia": "en:Loblaws", "building": "retail", "building:levels": "1", "gst_number": "12223-5922 RT0001", "name": "Loblaws", "old_name": "Loblaw Great Food", "phone": "+1-416-481-7753", "shop": "supermarket", "store_name": "Yonge & Yonge"}}, {"type": "way", "id": 28596077, "nodes": [314142660, 314142662, 314142664, 314142666, 2274643128, 314142668, 314142673, 314142660], "tags": {"addr:city": "East York", "addr:housenumber": "301", "addr:street": "Moore Avenue", "brand": "Loblaws", "brand:wikidata": "Q3257626", "brand:wikipedia": "en:Loblaws", "building": "retail", "building:colour": "grey", "building:levels": "1", "name": "Loblaws", "opendata:type": "115001", "shop": "supermarket"}}, {"type": "way", "id": 28607584, "nodes": [314387155, 314387156, 314387157, 314387158, 8436524310, 8436524314, 8436524313, 8436524312, 8436524311, 314387159, 314387160, 8436524322, 314387155], "tags": {"addr:city": "East York", "addr:housenumber": "11", "addr:postcode": "M4H 1P6", "addr:street": "Redway Road", "brand": "Loblaws", "brand:wikidata": "Q3257626", "brand:wikipedia": "en:Loblaws", "building": "yes", "building:levels": "1", "name": "Loblaws", "phone": "+1-416-425-5516", "shop": "supermarket", "store_name": "Millwood & Laird"}}, {"type": "way", "id": 31582988, "nodes": [353394656, 8584457701, 2163229015, 2163229024, 353394658, 8584457710, 353394660, 2163229027, 2163229011, 2163229017, 2163229031, 353394662, 353394656], "tags": {"addr:city": "Toronto", "addr:housenumber": "720", "addr:street": "Broadview Avenue", "brand": "No Frills", "brand:wikidata": "Q3342407", "brand:wikipedia": "en:Loblaws", "building": "retail", "building:levels": "1", "check_date": "2022-11-06", "flowers": "yes", "gst_number": "122235922", "name": "George's No Frills", "operator": "No Frills", "phone": "+1-416-788-8762", "shop": "supermarket", "wheelchair": "yes"}}, {"type": "way", "id": 43806453, "nodes": [6208344335, 555334927, 555334930, 555334933, 555334938, 555335729, 2291685239, 2291685245, 2291685254, 2291685257, 2291685251, 2291685242, 2291685248, 2291685260, 2291685269, 2291685274, 11345580895, 6208344335], "tags": {"addr:city": "North York", "addr:housenumber": "888", "addr:street": "Don Mills Road", "building": "retail", "check_date": "2023-08-05", "name": "C&C Supermarket", "opening_hours": "09:00-23:00", "shop": "supermarket"}}, {"type": "way", "id": 43807862, "nodes": [555346831, 3252667912, 3252667913, 555346829, 555346835, 555346834, 8426836967, 555346839, 555346838, 555346831], "tags": {"addr:city": "North York", "addr:housenumber": "270", "addr:street": "Wilson Avenue", "brand": "No Frills", "brand:wikidata": "Q3342407", "brand:wikipedia": "en:No Frills (grocery store)", "building": "retail", "building:colour": "white", "building:levels": "1", "name": "No Frills", "opening_hours": "Mo-Su 08:00-21:00", "shop": "supermarket"}}, {"type": "way", "id": 69964612, "nodes": [836023860, 836023862, 836023861, 1771039600, 1771039595, 836023854, 836023858, 836023860], "tags": {"addr:city": "Toronto", "addr:housename": "Trembletts valu-mart", "addr:housenumber": "1500", "addr:postcode": "M4G 3B4", "addr:province": "ON", "addr:street": "Bayview Avenue", "alt_name": "Trembletts valu-mart", "brand": "Valu-mart", "brand:wikidata": "Q7912687", "brand:wikipedia": "en:Valu-mart", "building": "retail", "building:levels": "1", "gst_number": "86507-6962 RT0001", "name": "Valu-mart", "opening_hours": "Mo-Su 07:00-23:00", "opening_hours:covid19": "Mo-Su 07:00-20:00", "payment:coins": "yes", "payment:credit_cards": "yes", "payment:debit_cards": "yes", "payment:mastercard": "yes", "payment:notes": "yes", "payment:visa": "yes", "phone": "+1-416-486-8294", "shop": "supermarket", "store_name": "Toronto South Bayview"}}, {"type": "way", "id": 105154475, "nodes": [1211891769, 1211891816, 1211891739, 1211891806, 1211891769], "tags": {"addr:city": "Toronto", "addr:housenumber": "3142", "addr:street": "Yonge Street", "brand": "Metro", "brand:wikidata": "Q1145669", "brand:wikipedia": "en:Metro Inc.", "building": "retail", "building:levels": "1", "name": "Metro", "opendata:type": "115001", "opening_hours": "Mo-Su 8:00-21:00", "shop": "supermarket", "source": "Bing", "website": "https://www.metro.ca/en", "wheelchair": "yes"}}, {"type": "way", "id": 107771908, "nodes": [6196807037, 1238000522, 1238000555, 1238000548, 1238000538, 1238000552, 6196807037], "tags": {"addr:city": "York", "addr:housenumber": "1951", "addr:street": "Eglinton Avenue West", "brand": "No Frills", "brand:wikidata": "Q3342407", "brand:wikipedia": "en:No Frills (grocery store)", "building": "retail", "building:levels": "2", "name": "No Frills", "shop": "supermarket", "source": "Bing"}}, {"type": "way", "id": 129311114, "nodes": [1426931229, 1426931222, 1426931228, 1426931211, 1426931210, 1426931209, 1426931208, 1426931207, 1426931205, 1426931206, 1426931203, 1426931212, 1426931213, 1426931216, 1426931218, 1426931220, 1426931224, 1426931214, 1426931219, 1426931221, 1426931223, 1426931225, 1426931229], "tags": {"addr:city": "North York", "addr:housenumber": "825", "addr:postcode": "M3C 1V4", "addr:province": "ON", "addr:street": "Don Mills Road", "branch": "Don Mills and Eglinton", "brand": "Real Canadian Superstore", "brand:wikidata": "Q7300856", "brand:wikipedia": "en:Real Canadian Superstore", "building": "retail", "building:levels": "2", "gst_number": "12223-5922 RT0001", "name": "Real Canadian Superstore", "opening_hours": "Su-Mo 07:00-23:00", "operator": "Loblaws", "phone": "+1-416-391-0080", "self_checkout": "yes", "shop": "supermarket", "store_name": "Don Mills & Eglinton", "website": "https://www.realcanadiansuperstore.ca/store-locator/details/1077"}}, {"type": "way", "id": 188425732, "nodes": [1990545236, 6206125915, 6206125914, 6206125913, 6206125912, 6206125911, 6206125910, 1990545239, 6206125908, 6206125906, 1990545235, 6206125905, 6206125904, 6206125903, 1990545238, 1990545243, 1990545236], "tags": {"building": "retail", "building:colour": "grey", "building:levels": "2", "name": "Summerhill Market", "shop": "supermarket"}}, {"type": "way", "id": 201195209, "nodes": [2111439155, 276835363, 9029747503, 9029747500, 2111439154, 2111439161, 9029747510, 2111439163, 2111439159, 2111439155], "tags": {"brand": "Food Basics", "brand:wikidata": "Q5465300", "brand:wikipedia": "en:Food Basics", "building": "retail", "name": "Food Basics", "shop": "supermarket", "wheelchair": "yes"}}, {"type": "way", "id": 232292226, "nodes": [2406542543, 2406542540, 2406542544, 2406542546, 2406542549, 2406542551, 2406542556, 2406542559, 2406542572, 2406542571, 2406542570, 2406542569, 2406542543], "tags": {"addr:city": "Toronto", "addr:housenumber": "446", "addr:street": "Summerhill Avenue", "building": "yes", "name": "Summerhill Market", "shop": "supermarket"}}, {"type": "way", "id": 315222503, "nodes": [544671715, 3213285550, 3213285551, 6195498529, 6195498528, 6195498527, 3213285545, 6195498526, 3213285543, 3213285548, 3213285549, 3213285552, 3213285553, 544671715], "tags": {"building": "retail", "name": "Bruno's Foods", "shop": "supermarket", "wheelchair": "yes"}}, {"type": "way", "id": 315223345, "nodes": [3213290609, 6195459582, 6195459581, 6195459580, 6195459579, 3213290607, 3213290606, 3213290605, 3213290604, 3213290602, 3213290600, 3213290603, 3213290601, 3213290608, 6195459576, 6195459575, 3213290609], "tags": {"addr:city": "Toronto", "addr:housenumber": "1811", "addr:postcode": "M5M 3Z3", "addr:province": "ON", "addr:street": "Avenue Road", "brand": "No Frills", "brand:wikidata": "Q3342407", "brand:wikipedia": "en:No Frills (grocery store)", "building": "retail", "building:colour": "white", "building:levels": "1", "name": "No Frills", "opening_hours": "Mo-Su 08:00-21:00", "payment:cash": "yes", "payment:credit_cards": "yes", "payment:debit_cards": "yes", "roof:shape": "flat", "shop": "supermarket"}}, {"type": "way", "id": 339360513, "nodes": [3465493034, 3465493035, 3465493032, 3465493033, 3465493037, 3465493039, 3465493036, 3465493038, 3465493040, 3465493043, 3465493041, 3465493042, 3465493044, 3465493045, 3465493031, 3465493030, 3465493029, 1735846564, 1735846583, 1735846585, 3465493034], "tags": {"addr:city": "East York", "addr:housenumber": "147", "addr:street": "Laird Drive", "brand": "Sobeys", "brand:wikidata": "Q1143340", "brand:wikipedia": "en:Sobeys", "building": "retail", "building:colour": "beige", "building:levels": "2", "building:material": "stucco", "name": "Sobeys", "opening_hours": "Mo-Su 07:00-23:00", "phone": "+1-416-423-1644", "shop": "supermarket", "store_name": "Laird & Wicksteed"}}, {"type": "way", "id": 362872976, "nodes": [3052133088, 3671159866, 3671159862, 3671159864, 3671159865, 3671159863, 3052133088], "tags": {"addr:city": "Toronto", "addr:housenumber": "675", "addr:street": "Bloor Street West", "building": "retail", "building:levels": "2", "cuisine": "korean", "name": "P.A.T. Central Market", "shop": "supermarket", "website": "https://www.patmart.ca/"}}, {"type": "way", "id": 438819829, "nodes": [4364806446, 4364806445, 4364806444, 4364806443, 4364806442, 4364806441, 4364806440, 4364806439, 5163547295, 6208914774, 6208914775, 6208914647, 4364806437, 4364806446], "tags": {"addr:city": "Toronto", "addr:housenumber": "1625", "addr:postcode": "M6N 1H7", "addr:street": "St. Clair Avenue West", "building": "retail", "check_date": "2023-11-09", "name": "Tavora Foods", "opening_hours": "Mo-Th 08:00-19:30; Fr 08:00-20:00; Sa 08:00-19:00; Su 08:00-16:00", "operator": "Tavora Foods", "phone": "+1-416-656-1592", "shop": "supermarket", "website": "https://www.tavora.ca/"}}, {"type": "way", "id": 442980016, "nodes": [4406301101, 4406301098, 4406300986, 4406300983, 4406300984, 4406300982, 4406300985, 4406300987, 4406301089, 4406300988, 4406301090, 4406301091, 4406301093, 4406301092, 4406301094, 4406301095, 4406301096, 4406301097, 4406301099, 4406301100, 12137953159, 4406301101], "tags": {"addr:city": "Toronto", "addr:housenumber": "650", "addr:street": "Dupont Street", "brand": "Loblaws", "brand:wikidata": "Q3257626", "brand:wikipedia": "en:Loblaws", "building": "retail", "coinstar": "yes", "name": "Loblaws", "opendata:type": "113001", "opening_hours": "Mo-Su 07:00-22:00", "shop": "supermarket", "wheelchair": "yes"}}, {"type": "way", "id": 468025327, "nodes": [4625767563, 4625767562, 6192758734, 6192758733, 6192758731, 6192758730, 555345378, 6192758729, 6192758728, 6192758727, 6192758726, 6192758725, 6192758724, 4625767561, 6192758723, 6192758720, 6192758719, 6192758718, 6192758717, 4625767563], "tags": {"addr:city": "Toronto", "addr:housenumber": "2939", "addr:postcode": "M6B 3S7", "addr:street": "Dufferin Street", "building": "retail", "building:levels": "1", "description": "Small scale specialty food grocery store. Specializes in Italian cuisine.", "name": "Lady York Foods", "opening_hours": "Mo-Fr 08:00-21:00; Sa,Su 08:00-18:00", "shop": "supermarket"}}, {"type": "way", "id": 696247479, "nodes": [6538275107, 6538275106, 331345409, 331345387, 331345383, 331345379, 6538285809, 6538285806, 6538285810, 331345364, 331345360, 2235481946, 1568415181, 1568415179, 6538275109, 6538275108, 6538275105, 6538275104, 6538275103, 6538275117, 6538275107], "tags": {"addr:city": "North York", "addr:housenumber": "700", "addr:street": "Lawrence Avenue West", "brand": "Fortinos", "brand:wikidata": "Q5472662", "brand:wikipedia": "en:Fortinos", "gst_number": "89867-7133 RT0001", "level": "0", "name": "Fortinos", "phone": "+1-416-785-9843", "shop": "supermarket"}}, {"type": "way", "id": 700576251, "nodes": [277137399, 6578937682, 6578937681, 2070439302, 2070439305, 2070439293, 2070439290, 277137471, 2070439314, 2070439308, 2070439323, 2070439326, 277137391, 2222695931, 277137394, 277137395, 2221238817, 277137399], "tags": {"addr:city": "East York", "addr:housenumber": "45", "addr:street": "Overlea Boulevard", "brand": "Food Basics", "brand:wikidata": "Q5465300", "brand:wikipedia": "en:Food Basics", "hst_number": "R105216170", "indoor": "room", "name": "Food Basics", "phone": "+1-416-421-1732", "shop": "supermarket", "store_ref": "672", "wheelchair": "yes"}}, {"type": "way", "id": 700585293, "nodes": [6579118151, 6579118150, 262304399, 262304398, 262304453, 262304452, 262304451, 262304420, 262304419, 262304418, 262304417, 262304416, 262304415, 262304414, 262304413, 6579118151], "tags": {"addr:city": "Toronto", "addr:housenumber": "1000", "addr:postcode": "M4M 3G6", "addr:street": "Gerrard Street East", "brand": "Food Basics", "brand:wikidata": "Q5465300", "brand:wikipedia": "en:Food Basics", "indoor": "room", "level": "0", "name": "Food Basics", "shop": "supermarket"}}, {"type": "way", "id": 797144718, "nodes": [7455201005, 7455201004, 7455201027, 7455201026, 7455201025, 7455201024, 7455224753, 7455201005], "tags": {"addr:city": "Toronto", "addr:housenumber": "1014", "addr:province": "ON", "addr:street": "Bathurst Street", "building": "commercial", "building:levels": "2", "name": "Summerhill Market", "opening_hours": "Mo-Su 08:00-20:00", "organic": "yes", "phone": "+1 416-350-1678", "roof:shape": "flat", "shop": "supermarket", "website": "https://www.summerhillmarket.com/", "wheelchair": "yes"}}]}